User,First_Day,Last_Day,Total_Inc,Total_Locks,Days_of_Cycle,,,,
a1007,2018-06-01T00:00:00.000-05:00,2018-06-04T00:00:00.000-05:00,204,0,3,,,,
a1007,2018-06-09T00:00:00.000-05:00,2018-06-30T00:00:00.000-05:00,583,0,21,,,,
aapostol,2018-06-05T00:00:00.000-05:00,2018-06-05T00:00:00.000-05:00,20,5,0,,,,
aapostol,2018-06-14T00:00:00.000-05:00,2018-06-14T00:00:00.000-05:00,25,5,0,,,,
aapostol,2018-06-19T00:00:00.000-05:00,2018-06-19T00:00:00.000-05:00,10,5,0,,,,
aapostol,2018-06-25T00:00:00.000-05:00,2018-06-25T00:00:00.000-05:00,35,5,0,,,,
aapostol,2018-06-28T00:00:00.000-05:00,2018-06-28T00:00:00.000-05:00,15,5,0,,,,
aarnao,2018-06-14T00:00:00.000-05:00,2018-06-14T00:00:00.000-05:00,7,3,0,,,,
ab,2018-06-22T00:00:00.000-05:00,2018-06-22T00:00:00.000-05:00,6,1,0,,,,
abenalli,2018-06-06T00:00:00.000-05:00,2018-06-06T00:00:00.000-05:00,7,3,0,,,,
abieniek,2018-06-27T00:00:00.000-05:00,2018-06-27T00:00:00.000-05:00,6,3,0,,,,
ablackb3,2018-06-27T00:00:00.000-05:00,2018-06-27T00:00:00.000-05:00,5,3,0,,,,
acarte64,2018-06-21T00:00:00.000-05:00,2018-06-21T00:00:00.000-05:00,6,6,0,,,,
acowell1,2018-06-29T00:00:00.000-05:00,2018-06-29T00:00:00.000-05:00,12,0,0,,,,
adelany,2018-06-20T00:00:00.000-05:00,2018-06-20T00:00:00.000-05:00,14,1,0,,,,
aelvena,2018-06-01T00:00:00.000-05:00,2018-06-01T00:00:00.000-05:00,6,0,0,,,,
aelvena,2018-06-05T00:00:00.000-05:00,2018-06-05T00:00:00.000-05:00,5,0,0,,,,
agarc95,2018-06-24T00:00:00.000-05:00,2018-06-25T00:00:00.000-05:00,14,10,1,,,,
agrant28,2018-06-22T00:00:00.000-05:00,2018-06-22T00:00:00.000-05:00,6,5,0,,,,
agupt49,2018-06-01T00:00:00.000-05:00,2018-06-01T00:00:00.000-05:00,6,1,0,,,,
agupt49,2018-06-04T00:00:00.000-05:00,2018-06-04T00:00:00.000-05:00,6,1,0,,,,
agupt49,2018-06-11T00:00:00.000-05:00,2018-06-11T00:00:00.000-05:00,6,1,0,,,,
ahall136,2018-06-25T00:00:00.000-05:00,2018-06-25T00:00:00.000-05:00,15,3,0,,,,
ahayman1,2018-06-26T00:00:00.000-05:00,2018-06-26T00:00:00.000-05:00,20,2,0,,,,
akulka6,2018-06-28T00:00:00.000-05:00,2018-06-28T00:00:00.000-05:00,8,7,0,,,,
akunkel2,2018-06-15T00:00:00.000-05:00,2018-06-15T00:00:00.000-05:00,6,7,0,,,,
alasage,2018-06-22T00:00:00.000-05:00,2018-06-22T00:00:00.000-05:00,6,3,0,,,,
amiddl4,2018-06-01T00:00:00.000-05:00,2018-06-01T00:00:00.000-05:00,6,3,0,,,,
amiddl4,2018-06-03T00:00:00.000-05:00,2018-06-04T00:00:00.000-05:00,18,6,1,,,,
amirel2,2018-06-04T00:00:00.000-05:00,2018-06-04T00:00:00.000-05:00,5,9,0,,,,
amirel2,2018-06-06T00:00:00.000-05:00,2018-06-06T00:00:00.000-05:00,10,9,0,,,,
amirel2,2018-06-21T00:00:00.000-05:00,2018-06-22T00:00:00.000-05:00,10,18,1,,,,
amirel2,2018-06-27T00:00:00.000-05:00,2018-06-27T00:00:00.000-05:00,5,9,0,,,,
anadjie,2018-06-25T00:00:00.000-05:00,2018-06-25T00:00:00.000-05:00,6,4,0,,,,
analubol,2018-06-02T00:00:00.000-05:00,2018-06-02T00:00:00.000-05:00,7,2,0,,,,
anava1,2018-06-04T00:00:00.000-05:00,2018-06-04T00:00:00.000-05:00,5,7,0,,,,
anavea1,2018-06-28T00:00:00.000-05:00,2018-06-28T00:00:00.000-05:00,6,2,0,,,,
apogaru,2018-06-18T00:00:00.000-05:00,2018-06-18T00:00:00.000-05:00,9,1,0,,,,
aprasa20,2018-06-19T00:00:00.000-05:00,2018-06-19T00:00:00.000-05:00,9,3,0,,,,
arakowsk,2018-06-27T00:00:00.000-05:00,2018-06-27T00:00:00.000-05:00,6,3,0,,,,
arothwel,2018-06-20T00:00:00.000-05:00,2018-06-20T00:00:00.000-05:00,6,3,0,,,,
asanche4,2018-06-25T00:00:00.000-05:00,2018-06-25T00:00:00.000-05:00,9,9,0,,,,
asinghs1,2018-06-19T00:00:00.000-05:00,2018-06-19T00:00:00.000-05:00,6,3,0,,,,
astewa15,2018-06-01T00:00:00.000-05:00,2018-06-01T00:00:00.000-05:00,12,7,0,,,,
ataberni,2018-06-21T00:00:00.000-05:00,2018-06-21T00:00:00.000-05:00,8,8,0,,,,
awiega1,2018-06-27T00:00:00.000-05:00,2018-06-27T00:00:00.000-05:00,6,3,0,,,,
badams31,2018-06-21T00:00:00.000-05:00,2018-06-21T00:00:00.000-05:00,5,0,0,,,,
bdelval1,2018-06-26T00:00:00.000-05:00,2018-06-26T00:00:00.000-05:00,8,3,0,,,,
bharri22,2018-06-26T00:00:00.000-05:00,2018-06-26T00:00:00.000-05:00,5,1,0,,,,
blattim,2018-06-13T00:00:00.000-05:00,2018-06-13T00:00:00.000-05:00,24,15,0,,,,
blattim,2018-06-20T00:00:00.000-05:00,2018-06-20T00:00:00.000-05:00,16,15,0,,,,
bmayor1,2018-06-26T00:00:00.000-05:00,2018-06-26T00:00:00.000-05:00,5,6,0,,,,
bmayor1,2018-06-29T00:00:00.000-05:00,2018-06-30T00:00:00.000-05:00,10,12,1,,,,
bmeinek,2018-06-23T00:00:00.000-05:00,2018-06-24T00:00:00.000-05:00,16,6,1,,,,
bpatel44,2018-06-23T00:00:00.000-05:00,2018-06-23T00:00:00.000-05:00,6,7,0,,,,
brobin42,2018-06-22T00:00:00.000-05:00,2018-06-22T00:00:00.000-05:00,10,6,0,,,,
bromero,2018-06-18T00:00:00.000-05:00,2018-06-18T00:00:00.000-05:00,5,0,0,,,,
bschrand,2018-06-09T00:00:00.000-05:00,2018-06-27T00:00:00.000-05:00,557,0,18,,,,
bsingh77,2018-06-21T00:00:00.000-05:00,2018-06-21T00:00:00.000-05:00,8,7,0,,,,
bstribl,2018-06-28T00:00:00.000-05:00,2018-06-28T00:00:00.000-05:00,6,3,0,,,,
bthoma59,2018-06-25T00:00:00.000-05:00,2018-06-25T00:00:00.000-05:00,5,5,0,,,,
bvillafl,2018-06-18T00:00:00.000-05:00,2018-06-18T00:00:00.000-05:00,5,4,0,,,,
c12,2018-06-22T00:00:00.000-05:00,2018-06-22T00:00:00.000-05:00,6,3,0,,,,
ccarol1,2018-06-26T00:00:00.000-05:00,2018-06-26T00:00:00.000-05:00,5,3,0,,,,
ccatindi,2018-06-16T00:00:00.000-05:00,2018-06-16T00:00:00.000-05:00,6,2,0,,,,
cchmie3,2018-06-21T00:00:00.000-05:00,2018-06-21T00:00:00.000-05:00,6,4,0,,,,
ccoop17,2018-06-01T00:00:00.000-05:00,2018-06-01T00:00:00.000-05:00,6,6,0,,,,
ccooper,2018-06-28T00:00:00.000-05:00,2018-06-29T00:00:00.000-05:00,10,30,1,,,,
ccuenco,2018-06-21T00:00:00.000-05:00,2018-06-21T00:00:00.000-05:00,10,7,0,,,,
ccuenco,2018-06-26T00:00:00.000-05:00,2018-06-26T00:00:00.000-05:00,5,7,0,,,,
cdestura,2018-06-26T00:00:00.000-05:00,2018-06-26T00:00:00.000-05:00,12,3,0,,,,
cdunne1,2018-06-13T00:00:00.000-05:00,2018-06-13T00:00:00.000-05:00,10,0,0,,,,
cemery12,2018-06-26T00:00:00.000-05:00,2018-06-26T00:00:00.000-05:00,9,4,0,,,,
cflore23,2018-06-29T00:00:00.000-05:00,2018-06-29T00:00:00.000-05:00,5,0,0,,,,
cfox24,2018-06-16T00:00:00.000-05:00,2018-06-21T00:00:00.000-05:00,66,0,5,,,,
cfox24,2018-06-23T00:00:00.000-05:00,2018-06-24T00:00:00.000-05:00,43,0,1,,,,
cfox24,2018-06-26T00:00:00.000-05:00,2018-06-26T00:00:00.000-05:00,11,0,0,,,,
chammon5,2018-06-18T00:00:00.000-05:00,2018-06-18T00:00:00.000-05:00,7,3,0,,,,
chaynes6,2018-06-27T00:00:00.000-05:00,2018-06-27T00:00:00.000-05:00,5,3,0,,,,
cl,2018-06-11T00:00:00.000-05:00,2018-06-11T00:00:00.000-05:00,5,7,0,,,,
clambe10,2018-06-13T00:00:00.000-05:00,2018-06-13T00:00:00.000-05:00,5,3,0,,,,
climsiac,2018-06-20T00:00:00.000-05:00,2018-06-20T00:00:00.000-05:00,8,1,0,,,,
clumang,2018-06-06T00:00:00.000-05:00,2018-06-06T00:00:00.000-05:00,5,7,0,,,,
cmincey4,2018-06-20T00:00:00.000-05:00,2018-06-20T00:00:00.000-05:00,16,10,0,,,,
cmincey4,2018-06-22T00:00:00.000-05:00,2018-06-22T00:00:00.000-05:00,8,10,0,,,,
cmincey4,2018-06-24T00:00:00.000-05:00,2018-06-24T00:00:00.000-05:00,8,10,0,,,,
cnulud1,2018-06-04T00:00:00.000-05:00,2018-06-04T00:00:00.000-05:00,5,2,0,,,,
colavari,2018-06-14T00:00:00.000-05:00,2018-06-14T00:00:00.000-05:00,5,3,0,,,,
cpinto10,2018-06-20T00:00:00.000-05:00,2018-06-20T00:00:00.000-05:00,9,3,0,,,,
cprest2,2018-06-04T00:00:00.000-05:00,2018-06-04T00:00:00.000-05:00,6,3,0,,,,
crich65,2018-06-11T00:00:00.000-05:00,2018-06-11T00:00:00.000-05:00,5,1,0,,,,
croger31,2018-06-12T00:00:00.000-05:00,2018-06-12T00:00:00.000-05:00,6,6,0,,,,
cschmid3,2018-06-19T00:00:00.000-05:00,2018-06-19T00:00:00.000-05:00,8,264,0,,,,
csmit170,2018-06-18T00:00:00.000-05:00,2018-06-18T00:00:00.000-05:00,5,3,0,,,,
csmit170,2018-06-26T00:00:00.000-05:00,2018-06-27T00:00:00.000-05:00,25,6,1,,,,
csowatz,2018-06-27T00:00:00.000-05:00,2018-06-27T00:00:00.000-05:00,8,10,0,,,,
cspain,2018-06-18T00:00:00.000-05:00,2018-06-20T00:00:00.000-05:00,120,21,2,,,,
csteve14,2018-06-01T00:00:00.000-05:00,2018-06-01T00:00:00.000-05:00,5,3,0,,,,
csudduth,2018-06-11T00:00:00.000-05:00,2018-06-11T00:00:00.000-05:00,9,13,0,,,,
ctimoney,2018-06-18T00:00:00.000-05:00,2018-06-19T00:00:00.000-05:00,30,12,1,,,,
ctupa,2018-06-13T00:00:00.000-05:00,2018-06-13T00:00:00.000-05:00,6,1,0,,,,
ctupa,2018-06-21T00:00:00.000-05:00,2018-06-21T00:00:00.000-05:00,6,1,0,,,,
cvale1,2018-06-13T00:00:00.000-05:00,2018-06-13T00:00:00.000-05:00,6,10,0,,,,
cvarghe,2018-06-25T00:00:00.000-05:00,2018-06-27T00:00:00.000-05:00,27,0,2,,,,
cvarghe,2018-06-29T00:00:00.000-05:00,2018-06-29T00:00:00.000-05:00,6,0,0,,,,
cwill320,2018-06-12T00:00:00.000-05:00,2018-06-12T00:00:00.000-05:00,48,45,0,,,,
cwill320,2018-06-21T00:00:00.000-05:00,2018-06-21T00:00:00.000-05:00,24,45,0,,,,
cwilso37,2018-06-13T00:00:00.000-05:00,2018-06-15T00:00:00.000-05:00,36,15,2,,,,
cwilso37,2018-06-18T00:00:00.000-05:00,2018-06-20T00:00:00.000-05:00,42,15,2,,,,
cwilso37,2018-06-22T00:00:00.000-05:00,2018-06-22T00:00:00.000-05:00,22,5,0,,,,
cwilso37,2018-06-26T00:00:00.000-05:00,2018-06-27T00:00:00.000-05:00,18,10,1,,,,
cyadav15,2018-06-26T00:00:00.000-05:00,2018-06-26T00:00:00.000-05:00,7,10,0,,,,
cyang100,2018-06-26T00:00:00.000-05:00,2018-06-26T00:00:00.000-05:00,16,4,0,,,,
cyates3,2018-06-25T00:00:00.000-05:00,2018-06-25T00:00:00.000-05:00,8,3,0,,,,
dandrad2,2018-06-18T00:00:00.000-05:00,2018-06-18T00:00:00.000-05:00,8,6,0,,,,
dboles12,2018-06-26T00:00:00.000-05:00,2018-06-27T00:00:00.000-05:00,38,10,1,,,,
dbrook25,2018-06-22T00:00:00.000-05:00,2018-06-22T00:00:00.000-05:00,7,3,0,,,,
dday3,2018-06-04T00:00:00.000-05:00,2018-06-05T00:00:00.000-05:00,12,6,1,,,,
dkreuter,2018-06-20T00:00:00.000-05:00,2018-06-20T00:00:00.000-05:00,5,8,0,,,,
dkumar97,2018-06-14T00:00:00.000-05:00,2018-06-14T00:00:00.000-05:00,6,3,0,,,,
dkumar97,2018-06-20T00:00:00.000-05:00,2018-06-20T00:00:00.000-05:00,9,3,0,,,,
dkumar97,2018-06-27T00:00:00.000-05:00,2018-06-27T00:00:00.000-05:00,6,3,0,,,,
dmack20,2018-06-26T00:00:00.000-05:00,2018-06-26T00:00:00.000-05:00,6,6,0,,,,
dmarke3,2018-06-18T00:00:00.000-05:00,2018-06-18T00:00:00.000-05:00,5,12,0,,,,
dmarqu5,2018-06-06T00:00:00.000-05:00,2018-06-06T00:00:00.000-05:00,7,7,0,,,,
dmccaul2,2018-06-27T00:00:00.000-05:00,2018-06-27T00:00:00.000-05:00,6,3,0,,,,
dmunoz7,2018-06-18T00:00:00.000-05:00,2018-06-18T00:00:00.000-05:00,7,7,0,,,,
dobrien6,2018-06-26T00:00:00.000-05:00,2018-06-26T00:00:00.000-05:00,11,3,0,,,,
dredden2,2018-06-19T00:00:00.000-05:00,2018-06-19T00:00:00.000-05:00,9,11,0,,,,
dreece3,2018-06-26T00:00:00.000-05:00,2018-06-26T00:00:00.000-05:00,5,3,0,,,,
dremigio,2018-06-27T00:00:00.000-05:00,2018-06-27T00:00:00.000-05:00,19,21,0,,,,
drober33,2018-06-25T00:00:00.000-05:00,2018-06-29T00:00:00.000-05:00,42,70,4,,,,
dsoni,2018-06-21T00:00:00.000-05:00,2018-06-21T00:00:00.000-05:00,6,11,0,,,,
dthorson,2018-06-26T00:00:00.000-05:00,2018-06-26T00:00:00.000-05:00,15,11,0,,,,
dtrimarc,2018-06-02T00:00:00.000-05:00,2018-06-02T00:00:00.000-05:00,14,6,0,,,,
dtrimarc,2018-06-04T00:00:00.000-05:00,2018-06-05T00:00:00.000-05:00,21,12,1,,,,
eabbott,2018-06-05T00:00:00.000-05:00,2018-06-06T00:00:00.000-05:00,12,4,1,,,,
ebarro9,2018-06-27T00:00:00.000-05:00,2018-06-27T00:00:00.000-05:00,5,6,0,,,,
eblackw3,2018-06-21T00:00:00.000-05:00,2018-06-21T00:00:00.000-05:00,5,7,0,,,,
eboyer10,2018-06-26T00:00:00.000-05:00,2018-06-26T00:00:00.000-05:00,8,6,0,,,,
ebroxte2,2018-06-25T00:00:00.000-05:00,2018-06-25T00:00:00.000-05:00,6,3,0,,,,
edavis4,2018-06-27T00:00:00.000-05:00,2018-06-27T00:00:00.000-05:00,5,19,0,,,,
ekeerava,2018-06-20T00:00:00.000-05:00,2018-06-20T00:00:00.000-05:00,6,3,0,,,,
ekrych,2018-06-18T00:00:00.000-05:00,2018-06-18T00:00:00.000-05:00,8,6,0,,,,
elagrew,2018-06-27T00:00:00.000-05:00,2018-06-27T00:00:00.000-05:00,6,5,0,,,,
elu,2018-06-28T00:00:00.000-05:00,2018-06-28T00:00:00.000-05:00,16,9,0,,,,
eriley10,2018-06-05T00:00:00.000-05:00,2018-06-05T00:00:00.000-05:00,6,7,0,,,,
etagga1,2018-06-25T00:00:00.000-05:00,2018-06-25T00:00:00.000-05:00,6,3,0,,,,
fally,2018-06-05T00:00:00.000-05:00,2018-06-05T00:00:00.000-05:00,6,3,0,,,,
fbrocki1,2018-06-23T00:00:00.000-05:00,2018-06-24T00:00:00.000-05:00,14,6,1,,,,
fchico,2018-06-01T00:00:00.000-05:00,2018-06-01T00:00:00.000-05:00,6,4,0,,,,
fmcgowa,2018-06-15T00:00:00.000-05:00,2018-06-15T00:00:00.000-05:00,12,3,0,,,,
fnash2,2018-06-11T00:00:00.000-05:00,2018-06-11T00:00:00.000-05:00,8,3,0,,,,
fproulx,2018-06-25T00:00:00.000-05:00,2018-06-25T00:00:00.000-05:00,12,3,0,,,,
fsolomo1,2018-06-04T00:00:00.000-05:00,2018-06-04T00:00:00.000-05:00,15,10,0,,,,
fstribli,2018-06-27T00:00:00.000-05:00,2018-06-27T00:00:00.000-05:00,6,1,0,,,,
ftaylor,2018-06-25T00:00:00.000-05:00,2018-06-26T00:00:00.000-05:00,12,14,1,,,,
fturne1,2018-06-18T00:00:00.000-05:00,2018-06-18T00:00:00.000-05:00,6,1,0,,,,
fwilso5,2018-06-06T00:00:00.000-05:00,2018-06-06T00:00:00.000-05:00,5,3,0,,,,
gadams22,2018-06-05T00:00:00.000-05:00,2018-06-05T00:00:00.000-05:00,9,0,0,,,,
gande10,2018-06-04T00:00:00.000-05:00,2018-06-04T00:00:00.000-05:00,9,20,0,,,,
gericks,2018-06-22T00:00:00.000-05:00,2018-06-22T00:00:00.000-05:00,7,9,0,,,,
gfranc3,2018-06-04T00:00:00.000-05:00,2018-06-04T00:00:00.000-05:00,5,16,0,,,,
gfranc3,2018-06-06T00:00:00.000-05:00,2018-06-06T00:00:00.000-05:00,5,16,0,,,,
gfranc3,2018-06-19T00:00:00.000-05:00,2018-06-19T00:00:00.000-05:00,35,16,0,,,,
ggarci41,2018-06-06T00:00:00.000-05:00,2018-06-06T00:00:00.000-05:00,7,0,0,,,,
ggunti,2018-06-18T00:00:00.000-05:00,2018-06-18T00:00:00.000-05:00,10,2,0,,,,
gguzman8,2018-06-19T00:00:00.000-05:00,2018-06-19T00:00:00.000-05:00,5,11,0,,,,
gguzman8,2018-06-27T00:00:00.000-05:00,2018-06-27T00:00:00.000-05:00,10,11,0,,,,
gkessel,2018-06-14T00:00:00.000-05:00,2018-06-14T00:00:00.000-05:00,5,7,0,,,,
gkoska1,2018-06-21T00:00:00.000-05:00,2018-06-21T00:00:00.000-05:00,6,6,0,,,,
gmaketa,2018-06-27T00:00:00.000-05:00,2018-06-27T00:00:00.000-05:00,6,3,0,,,,
gpetters,2018-06-28T00:00:00.000-05:00,2018-06-29T00:00:00.000-05:00,27,14,1,,,,
gpittma2,2018-06-15T00:00:00.000-05:00,2018-06-15T00:00:00.000-05:00,5,3,0,,,,
gpittma2,2018-06-19T00:00:00.000-05:00,2018-06-19T00:00:00.000-05:00,5,3,0,,,,
gpittma2,2018-06-26T00:00:00.000-05:00,2018-06-26T00:00:00.000-05:00,5,3,0,,,,
gs1000,2018-06-01T00:00:00.000-05:00,2018-06-05T00:00:00.000-05:00,133,0,4,,,,
gs1000,2018-06-09T00:00:00.000-05:00,2018-06-09T00:00:00.000-05:00,25,0,0,,,,
gs1000,2018-06-10T00:00:00.000-05:00,2018-06-10T00:00:00.000-05:00,20,0,0,,,,
gsuson,2018-06-01T00:00:00.000-05:00,2018-06-01T00:00:00.000-05:00,8,11,0,,,,
gsuson,2018-06-22T00:00:00.000-05:00,2018-06-22T00:00:00.000-05:00,12,11,0,,,,
gsuson,2018-06-26T00:00:00.000-05:00,2018-06-30T00:00:00.000-05:00,300,55,4,,,,
gwiddis,2018-06-14T00:00:00.000-05:00,2018-06-14T00:00:00.000-05:00,10,0,0,,,,
hbrazle,2018-06-11T00:00:00.000-05:00,2018-06-11T00:00:00.000-05:00,9,3,0,,,,
hcarrell,2018-06-05T00:00:00.000-05:00,2018-06-05T00:00:00.000-05:00,16,2,0,,,,
hhopkin5,2018-06-13T00:00:00.000-05:00,2018-06-13T00:00:00.000-05:00,12,3,0,,,,
hkohli10,2018-06-11T00:00:00.000-05:00,2018-06-11T00:00:00.000-05:00,10,10,0,,,,
hlukas,2018-06-14T00:00:00.000-05:00,2018-06-14T00:00:00.000-05:00,5,6,0,,,,
hmai1,2018-06-18T00:00:00.000-05:00,2018-06-18T00:00:00.000-05:00,5,6,0,,,,
hpaladug,2018-06-26T00:00:00.000-05:00,2018-06-26T00:00:00.000-05:00,8,3,0,,,,
ibukingo,2018-06-01T00:00:00.000-05:00,2018-06-04T00:00:00.000-05:00,42,0,3,,,,
ibukingo,2018-06-09T00:00:00.000-05:00,2018-06-19T00:00:00.000-05:00,117,0,10,,,,
imohamm4,2018-06-01T00:00:00.000-05:00,2018-06-01T00:00:00.000-05:00,11,32,0,,,,
jbuenav1,2018-06-27T00:00:00.000-05:00,2018-06-29T00:00:00.000-05:00,64,9,2,,,,
jcarr1,2018-06-13T00:00:00.000-05:00,2018-06-13T00:00:00.000-05:00,10,1,0,,,,
jclagget,2018-06-12T00:00:00.000-05:00,2018-06-12T00:00:00.000-05:00,6,1,0,,,,
jclagget,2018-06-18T00:00:00.000-05:00,2018-06-18T00:00:00.000-05:00,8,1,0,,,,
jcobine,2018-06-26T00:00:00.000-05:00,2018-06-26T00:00:00.000-05:00,13,44,0,,,,
jconne1,2018-06-11T00:00:00.000-05:00,2018-06-11T00:00:00.000-05:00,8,3,0,,,,
jconst5,2018-06-25T00:00:00.000-05:00,2018-06-25T00:00:00.000-05:00,33,4,0,,,,
jcurti,2018-06-29T00:00:00.000-05:00,2018-06-29T00:00:00.000-05:00,5,14,0,,,,
jdavi165,2018-06-26T00:00:00.000-05:00,2018-06-26T00:00:00.000-05:00,9,7,0,,,,
jdeleo15,2018-06-01T00:00:00.000-05:00,2018-06-01T00:00:00.000-05:00,8,11,0,,,,
jdubar,2018-06-12T00:00:00.000-05:00,2018-06-12T00:00:00.000-05:00,6,0,0,,,,
jdubar,2018-06-14T00:00:00.000-05:00,2018-06-15T00:00:00.000-05:00,16,0,1,,,,
jdubar,2018-06-25T00:00:00.000-05:00,2018-06-26T00:00:00.000-05:00,16,0,1,,,,
jdubar,2018-06-29T00:00:00.000-05:00,2018-06-29T00:00:00.000-05:00,6,0,0,,,,
jduran13,2018-06-25T00:00:00.000-05:00,2018-06-25T00:00:00.000-05:00,9,7,0,,,,
jfitzg15,2018-06-12T00:00:00.000-05:00,2018-06-12T00:00:00.000-05:00,6,13,0,,,,
jflynn1,2018-06-18T00:00:00.000-05:00,2018-06-18T00:00:00.000-05:00,39,20,0,,,,
jgaume1,2018-06-24T00:00:00.000-05:00,2018-06-24T00:00:00.000-05:00,8,3,0,,,,
jgonza92,2018-06-17T00:00:00.000-05:00,2018-06-18T00:00:00.000-05:00,24,12,1,,,,
jharlson,2018-06-26T00:00:00.000-05:00,2018-06-26T00:00:00.000-05:00,10,1,0,,,,
jheron,2018-06-21T00:00:00.000-05:00,2018-06-21T00:00:00.000-05:00,6,7,0,,,,
jhirlsto,2018-06-22T00:00:00.000-05:00,2018-06-22T00:00:00.000-05:00,12,7,0,,,,
jhysi,2018-06-11T00:00:00.000-05:00,2018-06-11T00:00:00.000-05:00,14,0,0,,,,
jjuds1,2018-06-27T00:00:00.000-05:00,2018-06-27T00:00:00.000-05:00,5,10,0,,,,
jkersse,2018-06-01T00:00:00.000-05:00,2018-06-01T00:00:00.000-05:00,12,16,0,,,,
jkersse,2018-06-04T00:00:00.000-05:00,2018-06-05T00:00:00.000-05:00,24,32,1,,,,
jkersse,2018-06-18T00:00:00.000-05:00,2018-06-19T00:00:00.000-05:00,42,32,1,,,,
jkersse,2018-06-21T00:00:00.000-05:00,2018-06-21T00:00:00.000-05:00,12,16,0,,,,
jkersse,2018-06-25T00:00:00.000-05:00,2018-06-25T00:00:00.000-05:00,12,16,0,,,,
jkieser,2018-06-19T00:00:00.000-05:00,2018-06-19T00:00:00.000-05:00,8,3,0,,,,
jkotlin,2018-06-01T00:00:00.000-05:00,2018-06-05T00:00:00.000-05:00,86,5,4,,,,
jkotlin,2018-06-08T00:00:00.000-05:00,2018-06-11T00:00:00.000-05:00,63,4,3,,,,
jlawr10,2018-06-13T00:00:00.000-05:00,2018-06-13T00:00:00.000-05:00,6,3,0,,,,
jmaddo4,2018-06-27T00:00:00.000-05:00,2018-06-27T00:00:00.000-05:00,32,3,0,,,,
jmarti55,2018-06-17T00:00:00.000-05:00,2018-06-17T00:00:00.000-05:00,5,0,0,,,,
jnavarr6,2018-06-25T00:00:00.000-05:00,2018-06-26T00:00:00.000-05:00,30,14,1,,,,
jnorri3,2018-06-26T00:00:00.000-05:00,2018-06-27T00:00:00.000-05:00,24,18,1,,,,
jrice20,2018-06-12T00:00:00.000-05:00,2018-06-12T00:00:00.000-05:00,5,3,0,,,,
jrice20,2018-06-27T00:00:00.000-05:00,2018-06-27T00:00:00.000-05:00,10,3,0,,,,
jrummen,2018-06-21T00:00:00.000-05:00,2018-06-21T00:00:00.000-05:00,5,6,0,,,,
jscialab,2018-06-11T00:00:00.000-05:00,2018-06-11T00:00:00.000-05:00,9,6,0,,,,
jsebas10,2018-06-11T00:00:00.000-05:00,2018-06-11T00:00:00.000-05:00,15,10,0,,,,
jseppel,2018-06-01T00:00:00.000-05:00,2018-06-01T00:00:00.000-05:00,14,2,0,,,,
jseppel,2018-06-14T00:00:00.000-05:00,2018-06-15T00:00:00.000-05:00,14,4,1,,,,
jseppel,2018-06-17T00:00:00.000-05:00,2018-06-18T00:00:00.000-05:00,21,12,1,,,,
jseppel,2018-06-21T00:00:00.000-05:00,2018-06-23T00:00:00.000-05:00,42,18,2,,,,
jseppel,2018-06-26T00:00:00.000-05:00,2018-06-26T00:00:00.000-05:00,7,6,0,,,,
jseppel,2018-06-28T00:00:00.000-05:00,2018-06-28T00:00:00.000-05:00,7,6,0,,,,
jsistare,2018-06-19T00:00:00.000-05:00,2018-06-19T00:00:00.000-05:00,6,11,0,,,,
jsmit344,2018-06-06T00:00:00.000-05:00,2018-06-06T00:00:00.000-05:00,8,8,0,,,,
jspinney,2018-06-23T00:00:00.000-05:00,2018-06-24T00:00:00.000-05:00,10,2,1,,,,
jstev53,2018-06-22T00:00:00.000-05:00,2018-06-22T00:00:00.000-05:00,7,20,0,,,,
jstoll2,2018-06-26T00:00:00.000-05:00,2018-06-26T00:00:00.000-05:00,30,6,0,,,,
jtalmo,2018-06-16T00:00:00.000-05:00,2018-06-16T00:00:00.000-05:00,8,0,0,,,,
jtalmo,2018-06-18T00:00:00.000-05:00,2018-06-18T00:00:00.000-05:00,5,0,0,,,,
jtaylo99,2018-06-13T00:00:00.000-05:00,2018-06-13T00:00:00.000-05:00,5,7,0,,,,
jtaylo99,2018-06-18T00:00:00.000-05:00,2018-06-18T00:00:00.000-05:00,15,7,0,,,,
jtaylo99,2018-06-24T00:00:00.000-05:00,2018-06-24T00:00:00.000-05:00,5,7,0,,,,
jwachte,2018-06-11T00:00:00.000-05:00,2018-06-11T00:00:00.000-05:00,6,3,0,,,,
jwantj1,2018-06-13T00:00:00.000-05:00,2018-06-13T00:00:00.000-05:00,8,2,0,,,,
jwil314,2018-06-13T00:00:00.000-05:00,2018-06-13T00:00:00.000-05:00,16,12,0,,,,
jwill295,2018-06-20T00:00:00.000-05:00,2018-06-20T00:00:00.000-05:00,15,6,0,,,,
jwoldem,2018-06-27T00:00:00.000-05:00,2018-06-27T00:00:00.000-05:00,11,10,0,,,,
kanilba,2018-06-13T00:00:00.000-05:00,2018-06-13T00:00:00.000-05:00,10,6,0,,,,
karceo1,2018-06-28T00:00:00.000-05:00,2018-06-29T00:00:00.000-05:00,20,6,1,,,,
kardiel,2018-06-15T00:00:00.000-05:00,2018-06-15T00:00:00.000-05:00,6,3,0,,,,
kbaker16,2018-06-20T00:00:00.000-05:00,2018-06-20T00:00:00.000-05:00,12,5,0,,,,
kbaker16,2018-06-23T00:00:00.000-05:00,2018-06-25T00:00:00.000-05:00,21,15,2,,,,
kbarne28,2018-06-26T00:00:00.000-05:00,2018-06-26T00:00:00.000-05:00,10,3,0,,,,
kbibbins,2018-06-11T00:00:00.000-05:00,2018-06-11T00:00:00.000-05:00,5,8,0,,,,
kcrother,2018-06-16T00:00:00.000-05:00,2018-06-16T00:00:00.000-05:00,6,3,0,,,,
kcrother,2018-06-18T00:00:00.000-05:00,2018-06-19T00:00:00.000-05:00,14,3,1,,,,
kdegeuri,2018-06-21T00:00:00.000-05:00,2018-06-22T00:00:00.000-05:00,58,4,1,,,,
kduggine,2018-06-01T00:00:00.000-05:00,2018-06-04T00:00:00.000-05:00,110,2,3,,,,
kduggine,2018-06-08T00:00:00.000-05:00,2018-06-08T00:00:00.000-05:00,21,2,0,,,,
kgoudy,2018-06-05T00:00:00.000-05:00,2018-06-05T00:00:00.000-05:00,5,6,0,,,,
kjagmis,2018-06-04T00:00:00.000-05:00,2018-06-04T00:00:00.000-05:00,8,0,0,,,,
kjohn80,2018-06-23T00:00:00.000-05:00,2018-06-23T00:00:00.000-05:00,6,3,0,,,,
kjohn80,2018-06-26T00:00:00.000-05:00,2018-06-26T00:00:00.000-05:00,6,3,0,,,,
kkamanga,2018-06-19T00:00:00.000-05:00,2018-06-19T00:00:00.000-05:00,12,7,0,,,,
kkarupp,2018-06-04T00:00:00.000-05:00,2018-06-04T00:00:00.000-05:00,5,12,0,,,,
kkavith1,2018-06-26T00:00:00.000-05:00,2018-06-26T00:00:00.000-05:00,5,0,0,,,,
kkron,2018-06-19T00:00:00.000-05:00,2018-06-19T00:00:00.000-05:00,7,1,0,,,,
kmccray4,2018-06-05T00:00:00.000-05:00,2018-06-06T00:00:00.000-05:00,16,3,1,,,,
knellur,2018-06-04T00:00:00.000-05:00,2018-06-04T00:00:00.000-05:00,5,3,0,,,,
kogbonna,2018-06-04T00:00:00.000-05:00,2018-06-04T00:00:00.000-05:00,6,3,0,,,,
kogbonna,2018-06-18T00:00:00.000-05:00,2018-06-18T00:00:00.000-05:00,6,3,0,,,,
kogbonna,2018-06-25T00:00:00.000-05:00,2018-06-25T00:00:00.000-05:00,6,3,0,,,,
kpatel42,2018-06-25T00:00:00.000-05:00,2018-06-26T00:00:00.000-05:00,12,6,1,,,,
kpeddy,2018-06-11T00:00:00.000-05:00,2018-06-11T00:00:00.000-05:00,7,0,0,,,,
kpeddy,2018-06-13T00:00:00.000-05:00,2018-06-13T00:00:00.000-05:00,7,0,0,,,,
kperki14,2018-06-16T00:00:00.000-05:00,2018-06-16T00:00:00.000-05:00,9,3,0,,,,
kperki14,2018-06-18T00:00:00.000-05:00,2018-06-19T00:00:00.000-05:00,18,4,1,,,,
kplant1,2018-06-27T00:00:00.000-05:00,2018-06-27T00:00:00.000-05:00,18,6,0,,,,
kramir10,2018-06-05T00:00:00.000-05:00,2018-06-05T00:00:00.000-05:00,5,7,0,,,,
kreddy19,2018-06-04T00:00:00.000-05:00,2018-06-04T00:00:00.000-05:00,6,2,0,,,,
krengana,2018-06-16T00:00:00.000-05:00,2018-06-16T00:00:00.000-05:00,6,60,0,,,,
ksaldua,2018-06-13T00:00:00.000-05:00,2018-06-14T00:00:00.000-05:00,13,0,1,,,,
ksorn,2018-06-21T00:00:00.000-05:00,2018-06-23T00:00:00.000-05:00,120,1,2,,,,
ksorn,2018-06-25T00:00:00.000-05:00,2018-06-25T00:00:00.000-05:00,8,1,0,,,,
ksorn,2018-06-27T00:00:00.000-05:00,2018-06-29T00:00:00.000-05:00,24,1,2,,,,
ksrikan2,2018-06-01T00:00:00.000-05:00,2018-06-04T00:00:00.000-05:00,96,8,3,,,,
ksrikan2,2018-06-08T00:00:00.000-05:00,2018-06-11T00:00:00.000-05:00,91,7,3,,,,
kstewar3,2018-06-25T00:00:00.000-05:00,2018-06-25T00:00:00.000-05:00,6,3,0,,,,
ktaheri,2018-06-18T00:00:00.000-05:00,2018-06-18T00:00:00.000-05:00,7,0,0,,,,
ktaylor,2018-06-01T00:00:00.000-05:00,2018-06-01T00:00:00.000-05:00,6,3,0,,,,
ktrinid2,2018-06-01T00:00:00.000-05:00,2018-06-01T00:00:00.000-05:00,9,6,0,,,,
kwatso23,2018-06-05T00:00:00.000-05:00,2018-06-05T00:00:00.000-05:00,5,0,0,,,,
labramow,2018-06-27T00:00:00.000-05:00,2018-06-27T00:00:00.000-05:00,9,1,0,,,,
lbaska,2018-06-19T00:00:00.000-05:00,2018-06-19T00:00:00.000-05:00,7,6,0,,,,
lbell46,2018-06-22T00:00:00.000-05:00,2018-06-22T00:00:00.000-05:00,7,10,0,,,,
lbrodeur,2018-06-22T00:00:00.000-05:00,2018-06-22T00:00:00.000-05:00,18,3,0,,,,
lcampb29,2018-06-22T00:00:00.000-05:00,2018-06-22T00:00:00.000-05:00,5,7,0,,,,
lclingm,2018-06-21T00:00:00.000-05:00,2018-06-21T00:00:00.000-05:00,10,6,0,,,,
lhernan9,2018-06-26T00:00:00.000-05:00,2018-06-26T00:00:00.000-05:00,6,3,0,,,,
lholder1,2018-06-26T00:00:00.000-05:00,2018-06-26T00:00:00.000-05:00,5,1,0,,,,
lhunter,2018-06-22T00:00:00.000-05:00,2018-06-22T00:00:00.000-05:00,6,3,0,,,,
ljohn210,2018-06-20T00:00:00.000-05:00,2018-06-20T00:00:00.000-05:00,5,3,0,,,,
ljuvvadi,2018-06-27T00:00:00.000-05:00,2018-06-28T00:00:00.000-05:00,24,6,1,,,,
lknox2,2018-06-01T00:00:00.000-05:00,2018-06-01T00:00:00.000-05:00,8,3,0,,,,
llehtin,2018-06-20T00:00:00.000-05:00,2018-06-20T00:00:00.000-05:00,8,1,0,,,,
lmcghee,2018-06-12T00:00:00.000-05:00,2018-06-12T00:00:00.000-05:00,8,1,0,,,,
lmiggin,2018-06-05T00:00:00.000-05:00,2018-06-05T00:00:00.000-05:00,10,17,0,,,,
lnguy13,2018-06-11T00:00:00.000-05:00,2018-06-11T00:00:00.000-05:00,12,12,0,,,,
lnguye42,2018-06-11T00:00:00.000-05:00,2018-06-11T00:00:00.000-05:00,5,1,0,,,,
lnguye42,2018-06-13T00:00:00.000-05:00,2018-06-16T00:00:00.000-05:00,53,4,3,,,,
lor,2018-06-25T00:00:00.000-05:00,2018-06-25T00:00:00.000-05:00,5,0,0,,,,
lowens26,2018-06-20T00:00:00.000-05:00,2018-06-20T00:00:00.000-05:00,9,9,0,,,,
lpicket7,2018-06-19T00:00:00.000-05:00,2018-06-19T00:00:00.000-05:00,12,13,0,,,,
lsims18,2018-06-25T00:00:00.000-05:00,2018-06-25T00:00:00.000-05:00,21,3,0,,,,
lsurratt,2018-06-18T00:00:00.000-05:00,2018-06-18T00:00:00.000-05:00,6,3,0,,,,
ltrinid2,2018-06-26T00:00:00.000-05:00,2018-06-26T00:00:00.000-05:00,26,1,0,,,,
lwashby,2018-06-11T00:00:00.000-05:00,2018-06-11T00:00:00.000-05:00,6,1,0,,,,
m2,2018-06-25T00:00:00.000-05:00,2018-06-25T00:00:00.000-05:00,8,3,0,,,,
mabukhur,2018-06-20T00:00:00.000-05:00,2018-06-20T00:00:00.000-05:00,8,5,0,,,,
maddo,2018-06-14T00:00:00.000-05:00,2018-06-14T00:00:00.000-05:00,6,4,0,,,,
malfons2,2018-06-26T00:00:00.000-05:00,2018-06-26T00:00:00.000-05:00,6,18,0,,,,
mande17,2018-06-22T00:00:00.000-05:00,2018-06-22T00:00:00.000-05:00,6,5,0,,,,
maustin6,2018-06-21T00:00:00.000-05:00,2018-06-21T00:00:00.000-05:00,6,5,0,,,,
mbastia,2018-06-04T00:00:00.000-05:00,2018-06-04T00:00:00.000-05:00,16,16,0,,,,
mblank4,2018-06-26T00:00:00.000-05:00,2018-06-26T00:00:00.000-05:00,6,3,0,,,,
mcasill,2018-06-14T00:00:00.000-05:00,2018-06-14T00:00:00.000-05:00,5,0,0,,,,
mcasill1,2018-06-13T00:00:00.000-05:00,2018-06-13T00:00:00.000-05:00,6,9,0,,,,
mconley4,2018-06-11T00:00:00.000-05:00,2018-06-11T00:00:00.000-05:00,8,9,0,,,,
mcorona8,2018-06-05T00:00:00.000-05:00,2018-06-05T00:00:00.000-05:00,6,1,0,,,,
mcorona8,2018-06-22T00:00:00.000-05:00,2018-06-22T00:00:00.000-05:00,8,1,0,,,,
mfaiman1,2018-06-14T00:00:00.000-05:00,2018-06-14T00:00:00.000-05:00,6,3,0,,,,
mkamande,2018-06-01T00:00:00.000-05:00,2018-06-01T00:00:00.000-05:00,9,3,0,,,,
mkamande,2018-06-04T00:00:00.000-05:00,2018-06-04T00:00:00.000-05:00,15,3,0,,,,
mkaur100,2018-06-25T00:00:00.000-05:00,2018-06-27T00:00:00.000-05:00,75,20,2,,,,
mleiner,2018-06-13T00:00:00.000-05:00,2018-06-13T00:00:00.000-05:00,5,1,0,,,,
mlozan13,2018-06-12T00:00:00.000-05:00,2018-06-12T00:00:00.000-05:00,6,1,0,,,,
mmacal1,2018-06-11T00:00:00.000-05:00,2018-06-11T00:00:00.000-05:00,6,3,0,,,,
mmagday,2018-06-04T00:00:00.000-05:00,2018-06-05T00:00:00.000-05:00,20,5,1,,,,
mmagday,2018-06-11T00:00:00.000-05:00,2018-06-11T00:00:00.000-05:00,10,5,0,,,,
mmagday,2018-06-13T00:00:00.000-05:00,2018-06-15T00:00:00.000-05:00,50,5,2,,,,
mmagday,2018-06-19T00:00:00.000-05:00,2018-06-20T00:00:00.000-05:00,35,5,1,,,,
mmagday,2018-06-22T00:00:00.000-05:00,2018-06-22T00:00:00.000-05:00,10,5,0,,,,
mmagro,2018-06-04T00:00:00.000-05:00,2018-06-04T00:00:00.000-05:00,7,1,0,,,,
mmy,2018-06-24T00:00:00.000-05:00,2018-06-24T00:00:00.000-05:00,16,15,0,,,,
mnicola4,2018-06-15T00:00:00.000-05:00,2018-06-15T00:00:00.000-05:00,6,1,0,,,,
mnoffsi,2018-06-28T00:00:00.000-05:00,2018-06-28T00:00:00.000-05:00,6,1,0,,,,
moglesby,2018-06-26T00:00:00.000-05:00,2018-06-26T00:00:00.000-05:00,6,5,0,,,,
moneil3,2018-06-11T00:00:00.000-05:00,2018-06-11T00:00:00.000-05:00,5,0,0,,,,
mpaul14,2018-06-13T00:00:00.000-05:00,2018-06-13T00:00:00.000-05:00,5,0,0,,,,
mpiczon,2018-06-05T00:00:00.000-05:00,2018-06-05T00:00:00.000-05:00,6,3,0,,,,
mpiczon,2018-06-15T00:00:00.000-05:00,2018-06-15T00:00:00.000-05:00,6,3,0,,,,
mpiczon,2018-06-21T00:00:00.000-05:00,2018-06-21T00:00:00.000-05:00,12,3,0,,,,
mpiczon,2018-06-25T00:00:00.000-05:00,2018-06-26T00:00:00.000-05:00,18,3,1,,,,
mpulkurt,2018-06-21T00:00:00.000-05:00,2018-06-21T00:00:00.000-05:00,6,3,0,,,,
mray1010,2018-06-27T00:00:00.000-05:00,2018-06-27T00:00:00.000-05:00,10,6,0,,,,
mreddy67,2018-06-01T00:00:00.000-05:00,2018-06-01T00:00:00.000-05:00,6,15,0,,,,
mrucker6,2018-06-25T00:00:00.000-05:00,2018-06-25T00:00:00.000-05:00,7,11,0,,,,
mruiz114,2018-06-01T00:00:00.000-05:00,2018-06-01T00:00:00.000-05:00,18,1,0,,,,
mruiz114,2018-06-06T00:00:00.000-05:00,2018-06-06T00:00:00.000-05:00,18,1,0,,,,
mruiz114,2018-06-11T00:00:00.000-05:00,2018-06-13T00:00:00.000-05:00,135,3,2,,,,
msamuel8,2018-06-13T00:00:00.000-05:00,2018-06-13T00:00:00.000-05:00,5,3,0,,,,
mscrugg6,2018-06-24T00:00:00.000-05:00,2018-06-26T00:00:00.000-05:00,52,3,2,,,,
mshar57,2018-06-27T00:00:00.000-05:00,2018-06-27T00:00:00.000-05:00,5,17,0,,,,
msravant,2018-06-19T00:00:00.000-05:00,2018-06-19T00:00:00.000-05:00,5,1,0,,,,
mstein14,2018-06-18T00:00:00.000-05:00,2018-06-18T00:00:00.000-05:00,6,1,0,,,,
mstout2,2018-06-19T00:00:00.000-05:00,2018-06-20T00:00:00.000-05:00,12,0,1,,,,
mtavera1,2018-06-30T00:00:00.000-05:00,2018-06-30T00:00:00.000-05:00,5,3,0,,,,
mtaylo80,2018-06-11T00:00:00.000-05:00,2018-06-11T00:00:00.000-05:00,5,3,0,,,,
muddin1,2018-06-20T00:00:00.000-05:00,2018-06-20T00:00:00.000-05:00,5,7,0,,,,
mvardhan,2018-06-22T00:00:00.000-05:00,2018-06-22T00:00:00.000-05:00,8,6,0,,,,
mvatsay,2018-06-12T00:00:00.000-05:00,2018-06-12T00:00:00.000-05:00,6,1,0,,,,
mvazque1,2018-06-24T00:00:00.000-05:00,2018-06-24T00:00:00.000-05:00,12,6,0,,,,
mwebe13,2018-06-26T00:00:00.000-05:00,2018-06-26T00:00:00.000-05:00,128,1,0,,,,
mwils114,2018-06-18T00:00:00.000-05:00,2018-06-18T00:00:00.000-05:00,5,5,0,,,,
nanand13,2018-06-04T00:00:00.000-05:00,2018-06-04T00:00:00.000-05:00,6,0,0,,,,
nanand13,2018-06-11T00:00:00.000-05:00,2018-06-11T00:00:00.000-05:00,5,0,0,,,,
ncross11,2018-06-18T00:00:00.000-05:00,2018-06-18T00:00:00.000-05:00,5,3,0,,,,
ncross11,2018-06-24T00:00:00.000-05:00,2018-06-24T00:00:00.000-05:00,5,3,0,,,,
ncross11,2018-06-28T00:00:00.000-05:00,2018-06-29T00:00:00.000-05:00,10,3,1,,,,
ndietri,2018-06-01T00:00:00.000-05:00,2018-06-01T00:00:00.000-05:00,6,5,0,,,,
nhanse1,2018-06-14T00:00:00.000-05:00,2018-06-14T00:00:00.000-05:00,7,10,0,,,,
nkerste,2018-06-18T00:00:00.000-05:00,2018-06-18T00:00:00.000-05:00,6,7,0,,,,
nkhera,2018-06-25T00:00:00.000-05:00,2018-06-25T00:00:00.000-05:00,5,8,0,,,,
nkollasc,2018-06-11T00:00:00.000-05:00,2018-06-11T00:00:00.000-05:00,20,17,0,,,,
nluu,2018-06-22T00:00:00.000-05:00,2018-06-22T00:00:00.000-05:00,8,4,0,,,,
nmirza,2018-06-14T00:00:00.000-05:00,2018-06-14T00:00:00.000-05:00,13,2,0,,,,
nmishra6,2018-06-21T00:00:00.000-05:00,2018-06-21T00:00:00.000-05:00,6,10,0,,,,
nmoana1,2018-06-27T00:00:00.000-05:00,2018-06-27T00:00:00.000-05:00,6,13,0,,,,
nnathan1,2018-06-13T00:00:00.000-05:00,2018-06-13T00:00:00.000-05:00,6,1,0,,,,
nsharm84,2018-06-22T00:00:00.000-05:00,2018-06-22T00:00:00.000-05:00,7,2,0,,,,
nvijaya2,2018-06-04T00:00:00.000-05:00,2018-06-05T00:00:00.000-05:00,24,3,1,,,,
nvijaya2,2018-06-18T00:00:00.000-05:00,2018-06-20T00:00:00.000-05:00,26,3,2,,,,
nvijaya2,2018-06-22T00:00:00.000-05:00,2018-06-22T00:00:00.000-05:00,16,3,0,,,,
obright,2018-06-01T00:00:00.000-05:00,2018-06-01T00:00:00.000-05:00,10,1,0,,,,
obright,2018-06-20T00:00:00.000-05:00,2018-06-20T00:00:00.000-05:00,8,1,0,,,,
obright,2018-06-28T00:00:00.000-05:00,2018-06-28T00:00:00.000-05:00,8,1,0,,,,
omay,2018-06-05T00:00:00.000-05:00,2018-06-05T00:00:00.000-05:00,6,9,0,,,,
opierce1,2018-06-14T00:00:00.000-05:00,2018-06-14T00:00:00.000-05:00,5,3,0,,,,
oprakas1,2018-06-01T00:00:00.000-05:00,2018-06-01T00:00:00.000-05:00,7,5,0,,,,
pandrada,2018-06-05T00:00:00.000-05:00,2018-06-05T00:00:00.000-05:00,9,1,0,,,,
pbalan1,2018-06-06T00:00:00.000-05:00,2018-06-06T00:00:00.000-05:00,5,0,0,,,,
pbarker1,2018-06-15T00:00:00.000-05:00,2018-06-15T00:00:00.000-05:00,5,3,0,,,,
pbrock1,2018-06-13T00:00:00.000-05:00,2018-06-13T00:00:00.000-05:00,9,3,0,,,,
pcalab1,2018-06-14T00:00:00.000-05:00,2018-06-14T00:00:00.000-05:00,8,20,0,,,,
pdrake2,2018-06-11T00:00:00.000-05:00,2018-06-11T00:00:00.000-05:00,5,2,0,,,,
pdubhasi,2018-06-21T00:00:00.000-05:00,2018-06-22T00:00:00.000-05:00,15,2,1,,,,
pgandara,2018-06-27T00:00:00.000-05:00,2018-06-27T00:00:00.000-05:00,8,15,0,,,,
phariram,2018-06-05T00:00:00.000-05:00,2018-06-05T00:00:00.000-05:00,9,45,0,,,,
phrusk1,2018-06-26T00:00:00.000-05:00,2018-06-26T00:00:00.000-05:00,8,6,0,,,,
pjonnag1,2018-06-28T00:00:00.000-05:00,2018-06-28T00:00:00.000-05:00,6,20,0,,,,
pmcilqu,2018-06-27T00:00:00.000-05:00,2018-06-27T00:00:00.000-05:00,8,17,0,,,,
ppotu1,2018-06-23T00:00:00.000-05:00,2018-06-23T00:00:00.000-05:00,24,10,0,,,,
ppyaram,2018-06-25T00:00:00.000-05:00,2018-06-25T00:00:00.000-05:00,6,5,0,,,,
pscott26,2018-06-04T00:00:00.000-05:00,2018-06-04T00:00:00.000-05:00,6,2,0,,,,
pshah25,2018-06-13T00:00:00.000-05:00,2018-06-13T00:00:00.000-05:00,9,12,0,,,,
psoni2,2018-06-01T00:00:00.000-05:00,2018-06-01T00:00:00.000-05:00,6,7,0,,,,
pvelasq3,2018-06-13T00:00:00.000-05:00,2018-06-13T00:00:00.000-05:00,5,2,0,,,,
pyerunk,2018-06-06T00:00:00.000-05:00,2018-06-06T00:00:00.000-05:00,5,3,0,,,,
pyerunk,2018-06-14T00:00:00.000-05:00,2018-06-14T00:00:00.000-05:00,5,3,0,,,,
pyerunk,2018-06-19T00:00:00.000-05:00,2018-06-19T00:00:00.000-05:00,5,3,0,,,,
pyerunk,2018-06-21T00:00:00.000-05:00,2018-06-21T00:00:00.000-05:00,5,3,0,,,,
qbattle1,2018-06-06T00:00:00.000-05:00,2018-06-06T00:00:00.000-05:00,6,7,0,,,,
radornad,2018-06-01T00:00:00.000-05:00,2018-06-01T00:00:00.000-05:00,10,2,0,,,,
radornad,2018-06-04T00:00:00.000-05:00,2018-06-04T00:00:00.000-05:00,17,2,0,,,,
radornad,2018-06-06T00:00:00.000-05:00,2018-06-06T00:00:00.000-05:00,7,2,0,,,,
rallen26,2018-06-28T00:00:00.000-05:00,2018-06-28T00:00:00.000-05:00,8,3,0,,,,
rander33,2018-06-25T00:00:00.000-05:00,2018-06-25T00:00:00.000-05:00,6,6,0,,,,
rander33,2018-06-27T00:00:00.000-05:00,2018-06-27T00:00:00.000-05:00,6,6,0,,,,
rbajpai4,2018-06-18T00:00:00.000-05:00,2018-06-18T00:00:00.000-05:00,5,3,0,,,,
rbauti2,2018-06-22T00:00:00.000-05:00,2018-06-22T00:00:00.000-05:00,5,10,0,,,,
rbisht4,2018-06-14T00:00:00.000-05:00,2018-06-20T00:00:00.000-05:00,1344,7,6,,,,
rbrink10,2018-06-05T00:00:00.000-05:00,2018-06-05T00:00:00.000-05:00,6,13,0,,,,
rchowdh1,2018-06-14T00:00:00.000-05:00,2018-06-14T00:00:00.000-05:00,6,5,0,,,,
rcox1003,2018-06-19T00:00:00.000-05:00,2018-06-19T00:00:00.000-05:00,6,1,0,,,,
rdesai2,2018-06-29T00:00:00.000-05:00,2018-06-29T00:00:00.000-05:00,6,1,0,,,,
rdevul1,2018-06-01T00:00:00.000-05:00,2018-06-02T00:00:00.000-05:00,12,2,1,,,,
rfran45,2018-06-17T00:00:00.000-05:00,2018-06-17T00:00:00.000-05:00,9,6,0,,,,
rfrank15,2018-06-05T00:00:00.000-05:00,2018-06-05T00:00:00.000-05:00,8,6,0,,,,
rgadela,2018-06-05T00:00:00.000-05:00,2018-06-05T00:00:00.000-05:00,8,3,0,,,,
rgalla,2018-06-01T00:00:00.000-05:00,2018-06-05T00:00:00.000-05:00,456,4,4,,,,
rgalla,2018-06-08T00:00:00.000-05:00,2018-06-30T00:00:00.000-05:00,2070,4,22,,,,
rgilmor1,2018-06-26T00:00:00.000-05:00,2018-06-26T00:00:00.000-05:00,12,3,0,,,,
rjoh164,2018-06-12T00:00:00.000-05:00,2018-06-12T00:00:00.000-05:00,8,3,0,,,,
rkorlapa,2018-06-01T00:00:00.000-05:00,2018-06-01T00:00:00.000-05:00,6,4,0,,,,
rkorlapa,2018-06-14T00:00:00.000-05:00,2018-06-15T00:00:00.000-05:00,18,4,1,,,,
rkorlapa,2018-06-18T00:00:00.000-05:00,2018-06-20T00:00:00.000-05:00,45,4,2,,,,
rlangdon,2018-06-11T00:00:00.000-05:00,2018-06-11T00:00:00.000-05:00,7,3,0,,,,
rlechug1,2018-06-01T00:00:00.000-05:00,2018-06-01T00:00:00.000-05:00,8,0,0,,,,
rmissagh,2018-06-01T00:00:00.000-05:00,2018-06-05T00:00:00.000-05:00,54,0,4,,,,
rmissagh,2018-06-11T00:00:00.000-05:00,2018-06-11T00:00:00.000-05:00,5,0,0,,,,
rmunsh1,2018-06-18T00:00:00.000-05:00,2018-06-18T00:00:00.000-05:00,8,9,0,,,,
rodrobi,2018-06-01T00:00:00.000-05:00,2018-06-05T00:00:00.000-05:00,170,0,4,,,,
rodrobi,2018-06-09T00:00:00.000-05:00,2018-06-19T00:00:00.000-05:00,254,0,10,,,,
rparede3,2018-06-28T00:00:00.000-05:00,2018-06-28T00:00:00.000-05:00,10,2,0,,,,
rpena101,2018-06-12T00:00:00.000-05:00,2018-06-12T00:00:00.000-05:00,6,7,0,,,,
rschmerb,2018-06-01T00:00:00.000-05:00,2018-06-01T00:00:00.000-05:00,17,2,0,,,,
rschmerb,2018-06-03T00:00:00.000-05:00,2018-06-03T00:00:00.000-05:00,6,2,0,,,,
rshukla1,2018-06-06T00:00:00.000-05:00,2018-06-06T00:00:00.000-05:00,5,0,0,,,,
rslaven1,2018-06-11T00:00:00.000-05:00,2018-06-30T00:00:00.000-05:00,596,1,19,,,,
rsnow4,2018-06-22T00:00:00.000-05:00,2018-06-23T00:00:00.000-05:00,15,3,1,,,,
rtaylo21,2018-06-25T00:00:00.000-05:00,2018-06-25T00:00:00.000-05:00,6,1,0,,,,
rthornt3,2018-06-26T00:00:00.000-05:00,2018-06-26T00:00:00.000-05:00,6,9,0,,,,
rvilori2,2018-06-26T00:00:00.000-05:00,2018-06-26T00:00:00.000-05:00,9,4,0,,,,
sadeleye,2018-06-25T00:00:00.000-05:00,2018-06-25T00:00:00.000-05:00,6,3,0,,,,
sakonai,2018-06-13T00:00:00.000-05:00,2018-06-13T00:00:00.000-05:00,5,8,0,,,,
sbabu106,2018-06-28T00:00:00.000-05:00,2018-06-28T00:00:00.000-05:00,11,57,0,,,,
sbass5,2018-06-26T00:00:00.000-05:00,2018-06-26T00:00:00.000-05:00,6,1,0,,,,
sbasu110,2018-06-18T00:00:00.000-05:00,2018-06-18T00:00:00.000-05:00,10,7,0,,,,
sbeane,2018-06-22T00:00:00.000-05:00,2018-06-22T00:00:00.000-05:00,6,3,0,,,,
sbetter,2018-06-12T00:00:00.000-05:00,2018-06-12T00:00:00.000-05:00,7,15,0,,,,
sbetter,2018-06-21T00:00:00.000-05:00,2018-06-21T00:00:00.000-05:00,14,15,0,,,,
sbetter,2018-06-25T00:00:00.000-05:00,2018-06-25T00:00:00.000-05:00,7,15,0,,,,
sbollapr,2018-06-27T00:00:00.000-05:00,2018-06-27T00:00:00.000-05:00,7,6,0,,,,
scarlso8,2018-06-12T00:00:00.000-05:00,2018-06-12T00:00:00.000-05:00,6,3,0,,,,
scolsto1,2018-06-17T00:00:00.000-05:00,2018-06-17T00:00:00.000-05:00,5,5,0,,,,
scrame3,2018-06-04T00:00:00.000-05:00,2018-06-04T00:00:00.000-05:00,6,5,0,,,,
scrame3,2018-06-18T00:00:00.000-05:00,2018-06-19T00:00:00.000-05:00,12,5,1,,,,
scrame3,2018-06-27T00:00:00.000-05:00,2018-06-27T00:00:00.000-05:00,9,5,0,,,,
scraven1,2018-06-06T00:00:00.000-05:00,2018-06-06T00:00:00.000-05:00,8,3,0,,,,
SDEYO,2018-06-24T00:00:00.000-05:00,2018-06-24T00:00:00.000-05:00,13,15,0,,,,
sdixson,2018-06-11T00:00:00.000-05:00,2018-06-11T00:00:00.000-05:00,6,8,0,,,,
sdyson1,2018-06-26T00:00:00.000-05:00,2018-06-26T00:00:00.000-05:00,5,3,0,,,,
sfagan11,2018-06-05T00:00:00.000-05:00,2018-06-05T00:00:00.000-05:00,6,4,0,,,,
sgardn2,2018-06-13T00:00:00.000-05:00,2018-06-13T00:00:00.000-05:00,10,3,0,,,,
sgardne5,2018-06-19T00:00:00.000-05:00,2018-06-19T00:00:00.000-05:00,5,4,0,,,,
sgibbs12,2018-06-26T00:00:00.000-05:00,2018-06-26T00:00:00.000-05:00,6,1,0,,,,
sgiese11,2018-06-16T00:00:00.000-05:00,2018-06-16T00:00:00.000-05:00,5,6,0,,,,
sgoud6,2018-06-27T00:00:00.000-05:00,2018-06-27T00:00:00.000-05:00,5,6,0,,,,
sgriego1,2018-06-14T00:00:00.000-05:00,2018-06-14T00:00:00.000-05:00,7,17,0,,,,
sgriego1,2018-06-29T00:00:00.000-05:00,2018-06-29T00:00:00.000-05:00,7,17,0,,,,
shaase1,2018-06-13T00:00:00.000-05:00,2018-06-13T00:00:00.000-05:00,6,12,0,,,,
shopkin1,2018-06-14T00:00:00.000-05:00,2018-06-14T00:00:00.000-05:00,6,11,0,,,,
shopkin1,2018-06-18T00:00:00.000-05:00,2018-06-19T00:00:00.000-05:00,12,11,1,,,,
shopkin1,2018-06-21T00:00:00.000-05:00,2018-06-23T00:00:00.000-05:00,24,11,2,,,,
shopkin1,2018-06-25T00:00:00.000-05:00,2018-06-26T00:00:00.000-05:00,12,11,1,,,,
shopkin1,2018-06-28T00:00:00.000-05:00,2018-06-28T00:00:00.000-05:00,12,11,0,,,,
shurst1,2018-06-21T00:00:00.000-05:00,2018-06-21T00:00:00.000-05:00,12,3,0,,,,
sjohn301,2018-06-25T00:00:00.000-05:00,2018-06-25T00:00:00.000-05:00,5,3,0,,,,
sjone130,2018-06-25T00:00:00.000-05:00,2018-06-25T00:00:00.000-05:00,6,12,0,,,,
skarell,2018-06-29T00:00:00.000-05:00,2018-06-29T00:00:00.000-05:00,6,4,0,,,,
skhan126,2018-06-18T00:00:00.000-05:00,2018-06-18T00:00:00.000-05:00,8,15,0,,,,
skulavik,2018-06-01T00:00:00.000-05:00,2018-06-05T00:00:00.000-05:00,264,6,4,,,,
skulavik,2018-06-08T00:00:00.000-05:00,2018-06-19T00:00:00.000-05:00,741,9,11,,,,
skumar88,2018-06-26T00:00:00.000-05:00,2018-06-26T00:00:00.000-05:00,9,10,0,,,,
slardin,2018-06-28T00:00:00.000-05:00,2018-06-28T00:00:00.000-05:00,6,3,0,,,,
sliggins,2018-06-26T00:00:00.000-05:00,2018-06-26T00:00:00.000-05:00,6,3,0,,,,
smaddux,2018-06-22T00:00:00.000-05:00,2018-06-22T00:00:00.000-05:00,5,3,0,,,,
smcloud,2018-06-29T00:00:00.000-05:00,2018-06-29T00:00:00.000-05:00,6,6,0,,,,
smicken,2018-06-15T00:00:00.000-05:00,2018-06-15T00:00:00.000-05:00,5,11,0,,,,
snarapur,2018-06-21T00:00:00.000-05:00,2018-06-21T00:00:00.000-05:00,8,3,0,,,,
snellur4,2018-06-20T00:00:00.000-05:00,2018-06-20T00:00:00.000-05:00,6,25,0,,,,
sogorma1,2018-06-22T00:00:00.000-05:00,2018-06-22T00:00:00.000-05:00,9,4,0,,,,
soliver4,2018-06-25T00:00:00.000-05:00,2018-06-25T00:00:00.000-05:00,6,2,0,,,,
solso24,2018-06-29T00:00:00.000-05:00,2018-06-29T00:00:00.000-05:00,12,12,0,,,,
sperezv,2018-06-13T00:00:00.000-05:00,2018-06-13T00:00:00.000-05:00,8,5,0,,,,
sraviku2,2018-06-27T00:00:00.000-05:00,2018-06-27T00:00:00.000-05:00,7,19,0,,,,
sredd69,2018-06-01T00:00:00.000-05:00,2018-06-01T00:00:00.000-05:00,36,10,0,,,,
sreed43,2018-06-15T00:00:00.000-05:00,2018-06-15T00:00:00.000-05:00,5,12,0,,,,
sshapi8,2018-06-20T00:00:00.000-05:00,2018-06-20T00:00:00.000-05:00,6,3,0,,,,
sstammer,2018-06-23T00:00:00.000-05:00,2018-06-23T00:00:00.000-05:00,12,3,0,,,,
sstrasse,2018-06-25T00:00:00.000-05:00,2018-06-25T00:00:00.000-05:00,5,3,0,,,,
stitmus,2018-06-01T00:00:00.000-05:00,2018-06-01T00:00:00.000-05:00,8,6,0,,,,
stuff,2018-06-29T00:00:00.000-05:00,2018-06-29T00:00:00.000-05:00,8,4,0,,,,
svinc12,2018-06-19T00:00:00.000-05:00,2018-06-19T00:00:00.000-05:00,5,7,0,,,,
svinc12,2018-06-27T00:00:00.000-05:00,2018-06-27T00:00:00.000-05:00,5,7,0,,,,
swan,2018-06-14T00:00:00.000-05:00,2018-06-14T00:00:00.000-05:00,6,6,0,,,,
swatk12,2018-06-20T00:00:00.000-05:00,2018-06-20T00:00:00.000-05:00,6,11,0,,,,
swood11,2018-06-24T00:00:00.000-05:00,2018-06-24T00:00:00.000-05:00,10,1,0,,,,
tbarne29,2018-06-26T00:00:00.000-05:00,2018-06-26T00:00:00.000-05:00,8,15,0,,,,
tbarne30,2018-06-12T00:00:00.000-05:00,2018-06-12T00:00:00.000-05:00,10,3,0,,,,
tbowma6,2018-06-20T00:00:00.000-05:00,2018-06-20T00:00:00.000-05:00,6,1,0,,,,
tbryant9,2018-06-27T00:00:00.000-05:00,2018-06-27T00:00:00.000-05:00,24,28,0,,,,
tbullert,2018-06-15T00:00:00.000-05:00,2018-06-15T00:00:00.000-05:00,6,3,0,,,,
tbullock,2018-06-11T00:00:00.000-05:00,2018-06-11T00:00:00.000-05:00,9,3,0,,,,
tgarci15,2018-06-24T00:00:00.000-05:00,2018-06-24T00:00:00.000-05:00,5,3,0,,,,
tharri22,2018-06-29T00:00:00.000-05:00,2018-06-30T00:00:00.000-05:00,16,7,1,,,,
timamur,2018-06-21T00:00:00.000-05:00,2018-06-21T00:00:00.000-05:00,6,5,0,,,,
timamur,2018-06-28T00:00:00.000-05:00,2018-06-28T00:00:00.000-05:00,6,5,0,,,,
tkao1,2018-06-06T00:00:00.000-05:00,2018-06-06T00:00:00.000-05:00,6,0,0,,,,
tkrol1,2018-06-25T00:00:00.000-05:00,2018-06-25T00:00:00.000-05:00,5,6,0,,,,
tkumar59,2018-06-18T00:00:00.000-05:00,2018-06-19T00:00:00.000-05:00,22,3,1,,,,
tkusmit,2018-06-25T00:00:00.000-05:00,2018-06-25T00:00:00.000-05:00,6,5,0,,,,
tmatcham,2018-06-23T00:00:00.000-05:00,2018-06-23T00:00:00.000-05:00,12,1,0,,,,
tmatcham,2018-06-27T00:00:00.000-05:00,2018-06-27T00:00:00.000-05:00,6,1,0,,,,
tmorga12,2018-06-25T00:00:00.000-05:00,2018-06-25T00:00:00.000-05:00,6,1,0,,,,
tmorri36,2018-06-04T00:00:00.000-05:00,2018-06-04T00:00:00.000-05:00,6,6,0,,,,
tmyers25,2018-06-13T00:00:00.000-05:00,2018-06-14T00:00:00.000-05:00,33,0,1,,,,
tnabeel,2018-06-01T00:00:00.000-05:00,2018-06-03T00:00:00.000-05:00,22,3,2,,,,
tnabeel,2018-06-08T00:00:00.000-05:00,2018-06-10T00:00:00.000-05:00,30,3,2,,,,
tnabeel,2018-06-13T00:00:00.000-05:00,2018-06-16T00:00:00.000-05:00,32,3,3,,,,
tnabeel,2018-06-28T00:00:00.000-05:00,2018-06-28T00:00:00.000-05:00,8,3,0,,,,
tnabeel,2018-06-30T00:00:00.000-05:00,2018-06-30T00:00:00.000-05:00,16,3,0,,,,
tnguye69,2018-06-22T00:00:00.000-05:00,2018-06-22T00:00:00.000-05:00,7,0,0,,,,
tnorman8,2018-06-21T00:00:00.000-05:00,2018-06-21T00:00:00.000-05:00,26,11,0,,,,
tpera,2018-06-14T00:00:00.000-05:00,2018-06-14T00:00:00.000-05:00,6,5,0,,,,
tromano,2018-06-18T00:00:00.000-05:00,2018-06-18T00:00:00.000-05:00,6,9,0,,,,
tsykes2,2018-06-18T00:00:00.000-05:00,2018-06-18T00:00:00.000-05:00,11,13,0,,,,
tsykes2,2018-06-20T00:00:00.000-05:00,2018-06-20T00:00:00.000-05:00,22,13,0,,,,
ttawonez,2018-06-18T00:00:00.000-05:00,2018-06-19T00:00:00.000-05:00,16,11,1,,,,
ttzeng,2018-06-20T00:00:00.000-05:00,2018-06-20T00:00:00.000-05:00,6,3,0,,,,
ttzeng,2018-06-22T00:00:00.000-05:00,2018-06-22T00:00:00.000-05:00,9,3,0,,,,
twebst4,2018-06-01T00:00:00.000-05:00,2018-06-03T00:00:00.000-05:00,40,7,2,,,,
vch5,2018-06-22T00:00:00.000-05:00,2018-06-22T00:00:00.000-05:00,5,6,0,,,,
vgarci5,2018-06-15T00:00:00.000-05:00,2018-06-15T00:00:00.000-05:00,6,6,0,,,,
vhardi1,2018-06-27T00:00:00.000-05:00,2018-06-27T00:00:00.000-05:00,12,6,0,,,,
vkashya3,2018-06-04T00:00:00.000-05:00,2018-06-04T00:00:00.000-05:00,8,1,0,,,,
vpolace,2018-06-27T00:00:00.000-05:00,2018-06-27T00:00:00.000-05:00,5,8,0,,,,
vpothula,2018-06-26T00:00:00.000-05:00,2018-06-26T00:00:00.000-05:00,12,17,0,,,,
vramesh5,2018-06-04T00:00:00.000-05:00,2018-06-04T00:00:00.000-05:00,6,1,0,,,,
vreynard,2018-06-22T00:00:00.000-05:00,2018-06-22T00:00:00.000-05:00,8,4,0,,,,
vrincon2,2018-06-13T00:00:00.000-05:00,2018-06-13T00:00:00.000-05:00,6,2,0,,,,
vrincon2,2018-06-18T00:00:00.000-05:00,2018-06-21T00:00:00.000-05:00,31,2,3,,,,
vrincon2,2018-06-25T00:00:00.000-05:00,2018-06-25T00:00:00.000-05:00,5,2,0,,,,
vsaliyev,2018-06-11T00:00:00.000-05:00,2018-06-11T00:00:00.000-05:00,8,4,0,,,,
vsaliyev,2018-06-14T00:00:00.000-05:00,2018-06-14T00:00:00.000-05:00,10,4,0,,,,
vsaliyev,2018-06-16T00:00:00.000-05:00,2018-06-19T00:00:00.000-05:00,36,4,3,,,,
vsaliyev,2018-06-21T00:00:00.000-05:00,2018-06-22T00:00:00.000-05:00,12,4,1,,,,
vsaliyev,2018-06-24T00:00:00.000-05:00,2018-06-26T00:00:00.000-05:00,42,4,2,,,,
vshar48,2018-06-25T00:00:00.000-05:00,2018-06-26T00:00:00.000-05:00,16,3,1,,,,
vthalapu,2018-06-01T00:00:00.000-05:00,2018-06-01T00:00:00.000-05:00,10,0,0,,,,
vthalapu,2018-06-04T00:00:00.000-05:00,2018-06-06T00:00:00.000-05:00,21,0,2,,,,
vthalapu,2018-06-11T00:00:00.000-05:00,2018-06-12T00:00:00.000-05:00,22,0,1,,,,
vthalapu,2018-06-15T00:00:00.000-05:00,2018-06-15T00:00:00.000-05:00,6,0,0,,,,
vthalapu,2018-06-18T00:00:00.000-05:00,2018-06-19T00:00:00.000-05:00,15,0,1,,,,
vthalapu,2018-06-21T00:00:00.000-05:00,2018-06-22T00:00:00.000-05:00,17,0,1,,,,
vthalapu,2018-06-25T00:00:00.000-05:00,2018-06-26T00:00:00.000-05:00,15,0,1,,,,
vthalapu,2018-06-28T00:00:00.000-05:00,2018-06-29T00:00:00.000-05:00,21,0,1,,,,
wclegg,2018-06-15T00:00:00.000-05:00,2018-06-15T00:00:00.000-05:00,63,3,0,,,,
wharri15,2018-06-21T00:00:00.000-05:00,2018-06-21T00:00:00.000-05:00,12,3,0,,,,
wstolar,2018-06-17T00:00:00.000-05:00,2018-06-17T00:00:00.000-05:00,6,10,0,,,,
xrong,2018-06-12T00:00:00.000-05:00,2018-06-12T00:00:00.000-05:00,16,2,0,,,,
xrong,2018-06-29T00:00:00.000-05:00,2018-06-29T00:00:00.000-05:00,16,2,0,,,,
ygeng,2018-06-01T00:00:00.000-05:00,2018-06-05T00:00:00.000-05:00,194,5,4,,,,
ygeng,2018-06-08T00:00:00.000-05:00,2018-06-26T00:00:00.000-05:00,884,5,18,,,,
yrutagar,2018-06-03T00:00:00.000-05:00,2018-06-03T00:00:00.000-05:00,5,3,0,,,,
ythomas8,2018-06-13T00:00:00.000-05:00,2018-06-13T00:00:00.000-05:00,6,13,0,,,,